id,titulo,categoria,activo,restaurante_id
1,Laboriosam,Entrada,t,33
2,Voluptatibus,Postre,f,163
3,Debitis,Plato Fuerte,t,91
4,Quas,Plato Fuerte,t,126
5,Inventore,Entrada,t,9
6,Laboriosam,Plato Fuerte,t,149
7,Rem,Plato Fuerte,f,102
8,Explicabo,Entrada,f,192
9,Possimus,Entrada,t,192
10,Doloribus,Plato Fuerte,f,71
11,Quis,Entrada,t,151
12,Commodi,Entrada,f,55
13,Quidem,Entrada,t,117
14,Exercitationem,Plato Fuerte,f,21
15,Laudantium,Postre,t,106
16,Velit,Plato Fuerte,t,145
17,Molestiae,Entrada,t,95
18,Distinctio,Entrada,t,142
19,Eveniet,Plato Fuerte,t,1
20,Culpa,Postre,f,42
21,Ipsum,Entrada,t,150
22,Itaque,Entrada,t,56
23,Cupiditate,Plato Fuerte,f,2
24,Doloremque,Entrada,f,63
25,Magnam,Entrada,f,115
26,Laboriosam,Postre,f,113
27,Fugit,Postre,t,192
28,Quo,Plato Fuerte,t,195
29,Delectus,Postre,f,167
30,Et,Plato Fuerte,t,173
31,Eum,Entrada,f,188
32,Sit,Entrada,f,4
33,Perferendis,Plato Fuerte,f,192
34,Minima,Plato Fuerte,f,148
35,Explicabo,Plato Fuerte,f,146
36,Molestiae,Entrada,f,142
37,Non,Postre,t,130
38,Dolores,Entrada,t,30
39,Rerum,Entrada,t,85
40,Commodi,Plato Fuerte,t,72
41,Dolore,Entrada,t,199
42,Laudantium,Plato Fuerte,t,168
43,Ab,Entrada,f,145
44,Asperiores,Plato Fuerte,f,70
45,Eligendi,Entrada,t,46
46,Autem,Postre,f,2
47,Id,Plato Fuerte,f,57
48,Consequatur,Plato Fuerte,t,11
49,Dolorem,Entrada,t,85
50,Nulla,Postre,t,116
51,Odio,Postre,f,14
52,Vitae,Plato Fuerte,f,128
53,Deleniti,Postre,f,70
54,Nihil,Plato Fuerte,f,105
55,Delectus,Entrada,f,97
56,Iusto,Postre,f,35
57,Quam,Entrada,f,29
58,Earum,Postre,f,70
59,In,Plato Fuerte,f,171
60,Accusantium,Entrada,f,119
61,Ab,Postre,f,27
62,Quia,Entrada,f,105
63,Vitae,Plato Fuerte,t,136
64,Beatae,Plato Fuerte,t,96
65,Doloribus,Plato Fuerte,f,39
66,Voluptate,Entrada,t,104
67,Beatae,Plato Fuerte,t,65
68,Accusamus,Postre,f,160
69,Quasi,Plato Fuerte,f,165
70,Commodi,Postre,f,92
71,Blanditiis,Plato Fuerte,f,191
72,In,Entrada,t,197
73,Itaque,Plato Fuerte,f,22
74,Voluptatibus,Plato Fuerte,f,1
75,Debitis,Postre,t,94
76,Aspernatur,Postre,t,183
77,Beatae,Postre,t,62
78,Velit,Plato Fuerte,t,115
79,Voluptatibus,Entrada,f,163
80,Vitae,Postre,t,178
81,Aut,Postre,t,176
82,Fugit,Postre,f,17
83,Vel,Entrada,f,47
84,Voluptate,Plato Fuerte,f,45
85,Maxime,Entrada,f,135
86,Mollitia,Entrada,f,32
87,Minima,Entrada,f,36
88,Illum,Entrada,f,77
89,Laborum,Entrada,f,119
90,Atque,Plato Fuerte,f,28
91,Ea,Postre,f,97
92,Iure,Entrada,f,29
93,Illo,Plato Fuerte,f,136
94,Fuga,Postre,f,82
95,Accusamus,Postre,t,81
96,Quae,Plato Fuerte,f,144
97,Magni,Plato Fuerte,t,27
98,Labore,Entrada,f,47
99,Reprehenderit,Entrada,f,47
100,Officiis,Plato Fuerte,t,41
101,Nostrum,Plato Fuerte,t,195
102,Atque,Plato Fuerte,t,71
103,Nesciunt,Postre,f,139
104,Dolor,Entrada,f,24
105,Quia,Postre,t,136
106,Inventore,Entrada,t,22
107,Velit,Entrada,t,3
108,Reprehenderit,Entrada,f,49
109,Unde,Entrada,t,75
110,Sapiente,Entrada,t,59
111,Sed,Plato Fuerte,t,16
112,Blanditiis,Entrada,f,126
113,Totam,Postre,f,42
114,Error,Entrada,t,18
115,Praesentium,Plato Fuerte,f,19
116,Voluptatibus,Entrada,t,79
117,Unde,Plato Fuerte,t,186
118,Dicta,Plato Fuerte,t,146
119,Iusto,Entrada,t,183
120,Aspernatur,Postre,f,183
121,Ipsam,Entrada,f,76
122,Ad,Entrada,f,83
123,Minus,Postre,f,12
124,Dignissimos,Entrada,f,148
125,Nam,Entrada,t,182
126,Consequatur,Postre,f,97
127,Culpa,Plato Fuerte,t,153
128,Sunt,Postre,f,39
129,Mollitia,Entrada,f,175
130,Dolorem,Entrada,t,4
131,Ex,Plato Fuerte,t,127
132,Asperiores,Postre,t,199
133,Reprehenderit,Plato Fuerte,f,98
134,Illum,Postre,t,18
135,Eos,Entrada,t,180
136,Accusantium,Postre,t,165
137,In,Postre,t,56
138,Explicabo,Postre,f,73
139,Dignissimos,Plato Fuerte,f,4
140,Tempora,Postre,t,123
141,Facilis,Entrada,f,80
142,Dolorem,Entrada,t,76
143,Ea,Entrada,f,108
144,Perspiciatis,Postre,f,193
145,Earum,Postre,f,22
146,Neque,Entrada,f,180
147,Similique,Entrada,t,149
148,Eos,Entrada,t,57
149,Fugit,Entrada,t,73
150,Optio,Entrada,t,11
151,Amet,Postre,f,33
152,Ratione,Postre,t,93
153,Quasi,Postre,t,78
154,Assumenda,Plato Fuerte,t,109
155,Pariatur,Entrada,t,159
156,Corporis,Entrada,t,177
157,Nisi,Postre,t,43
158,Cumque,Plato Fuerte,t,141
159,Nisi,Plato Fuerte,t,111
160,Error,Postre,f,83
161,Hic,Entrada,f,85
162,Neque,Entrada,f,146
163,Omnis,Plato Fuerte,t,82
164,Corporis,Entrada,f,104
165,Quis,Postre,f,105
166,Provident,Plato Fuerte,f,167
167,Consequuntur,Postre,f,6
168,Corrupti,Postre,t,101
169,Facere,Entrada,t,95
170,Dicta,Plato Fuerte,f,75
171,Officia,Entrada,f,66
172,Sapiente,Postre,t,99
173,Quos,Plato Fuerte,f,59
174,Beatae,Entrada,t,73
175,Fugiat,Entrada,t,106
176,Debitis,Plato Fuerte,f,195
177,Hic,Postre,f,47
178,Non,Plato Fuerte,f,27
179,Sed,Entrada,t,197
180,Natus,Postre,t,82
181,Magnam,Postre,f,76
182,Quos,Postre,f,34
183,Dolorem,Plato Fuerte,f,179
184,Harum,Plato Fuerte,t,144
185,Excepturi,Entrada,t,110
186,Voluptatem,Entrada,f,107
187,Rem,Entrada,t,124
188,Magnam,Postre,t,51
189,Labore,Plato Fuerte,f,70
190,Qui,Plato Fuerte,t,100
191,Ea,Plato Fuerte,t,63
192,Consequatur,Entrada,f,102
193,Illum,Entrada,t,15
194,Maxime,Entrada,t,88
195,Perferendis,Entrada,t,183
196,Excepturi,Entrada,t,67
197,Nostrum,Plato Fuerte,t,4
198,Distinctio,Postre,f,11
199,A,Entrada,t,86
200,Amet,Postre,t,2
201,Explicabo,Entrada,t,156
202,Nobis,Entrada,t,81
203,Doloremque,Postre,t,19
204,Fugit,Postre,t,99
205,Rem,Postre,f,45
206,Ad,Plato Fuerte,f,107
207,Unde,Postre,t,95
208,Aliquid,Postre,f,190
209,Nemo,Plato Fuerte,f,4
210,In,Entrada,t,56
211,Quis,Entrada,f,176
212,Occaecati,Postre,f,190
213,Aliquam,Entrada,t,180
214,Modi,Entrada,f,1
215,Tempore,Entrada,t,74
216,Voluptatem,Postre,f,170
217,Vel,Entrada,f,86
218,Laborum,Plato Fuerte,t,52
219,Officia,Plato Fuerte,t,145
220,Tempore,Entrada,t,139
221,Ab,Plato Fuerte,t,9
222,Soluta,Postre,t,115
223,Repellendus,Postre,t,3
224,Veniam,Plato Fuerte,f,11
225,Aspernatur,Entrada,f,177
226,Reiciendis,Entrada,t,125
227,Veritatis,Plato Fuerte,t,10
228,Maxime,Plato Fuerte,f,189
229,Veniam,Plato Fuerte,f,102
230,Sunt,Entrada,t,191
231,Maxime,Entrada,f,94
232,Inventore,Plato Fuerte,t,91
233,Impedit,Plato Fuerte,t,182
234,Distinctio,Plato Fuerte,f,160
235,Eum,Postre,t,19
236,Ipsam,Plato Fuerte,t,138
237,Sint,Plato Fuerte,t,70
238,Natus,Entrada,t,8
239,Omnis,Plato Fuerte,f,47
240,Et,Postre,t,56
241,Ipsum,Postre,t,153
242,Quibusdam,Entrada,t,6
243,Pariatur,Plato Fuerte,f,60
244,Nostrum,Postre,f,110
245,Aspernatur,Postre,t,94
246,Itaque,Plato Fuerte,f,84
247,Nam,Postre,f,90
248,Culpa,Entrada,t,105
249,Nisi,Plato Fuerte,f,181
250,Expedita,Postre,t,52
251,Aspernatur,Entrada,f,164
252,Minus,Entrada,t,162
253,Molestias,Entrada,f,85
254,Ab,Postre,f,197
255,Fugit,Plato Fuerte,f,28
256,Sit,Postre,f,45
257,Aperiam,Postre,t,49
258,Esse,Plato Fuerte,t,72
259,Ad,Plato Fuerte,f,21
260,Adipisci,Plato Fuerte,f,23
261,Facilis,Entrada,f,171
262,Facere,Postre,f,70
263,Occaecati,Postre,t,139
264,Autem,Plato Fuerte,f,114
265,Ipsum,Postre,t,63
266,Impedit,Entrada,f,44
267,Nisi,Entrada,t,58
268,Placeat,Plato Fuerte,t,96
269,Reiciendis,Postre,f,95
270,Molestiae,Entrada,f,55
271,Vero,Postre,t,181
272,Suscipit,Postre,f,44
273,Accusamus,Entrada,f,109
274,Placeat,Postre,f,174
275,Eum,Plato Fuerte,f,64
276,Aliquid,Entrada,t,105
277,Tempora,Postre,f,63
278,Enim,Entrada,t,139
279,Ea,Entrada,t,134
280,Ipsam,Postre,t,19
281,Culpa,Plato Fuerte,f,35
282,Tempore,Entrada,t,188
283,Quis,Postre,t,108
284,Consectetur,Plato Fuerte,f,43
285,Explicabo,Entrada,t,42
286,Blanditiis,Plato Fuerte,f,73
287,Voluptatem,Entrada,t,186
288,Aspernatur,Entrada,t,119
289,Sapiente,Entrada,f,58
290,Aut,Plato Fuerte,f,25
291,Ipsa,Plato Fuerte,t,127
292,Assumenda,Plato Fuerte,t,188
293,Dolor,Entrada,f,67
294,Unde,Plato Fuerte,f,156
295,Quod,Entrada,t,93
296,Repellat,Postre,t,14
297,Atque,Plato Fuerte,t,18
298,Dolorum,Entrada,t,96
299,Animi,Postre,f,87
300,Reiciendis,Postre,t,175
301,Exercitationem,Entrada,f,38
302,Ullam,Postre,f,114
303,Vel,Plato Fuerte,f,85
304,Repudiandae,Entrada,f,184
305,Recusandae,Entrada,f,2
306,Molestias,Entrada,f,96
307,Perferendis,Plato Fuerte,t,34
308,Saepe,Plato Fuerte,t,188
309,Ullam,Plato Fuerte,f,133
310,Reprehenderit,Postre,f,156
311,Aperiam,Postre,f,142
312,Voluptas,Entrada,f,157
313,Laborum,Plato Fuerte,t,98
314,Eum,Postre,f,149
315,Ullam,Plato Fuerte,t,178
316,Culpa,Postre,t,79
317,Officia,Plato Fuerte,f,11
318,Maxime,Postre,t,32
319,Possimus,Plato Fuerte,f,98
320,Ullam,Entrada,t,22
321,Neque,Entrada,f,119
322,Molestias,Plato Fuerte,f,129
323,Eaque,Postre,t,54
324,Magni,Plato Fuerte,t,118
325,Ipsa,Plato Fuerte,t,164
326,Sapiente,Entrada,f,27
327,Vel,Entrada,f,113
328,Exercitationem,Postre,f,32
329,Reiciendis,Postre,t,13
330,Modi,Entrada,f,152
331,Error,Entrada,t,74
332,Quia,Entrada,f,126
333,Alias,Postre,f,146
334,Iure,Plato Fuerte,f,50
335,Tenetur,Plato Fuerte,t,60
336,Expedita,Plato Fuerte,f,166
337,Aliquid,Postre,t,31
338,Eum,Plato Fuerte,t,156
339,Libero,Entrada,t,112
340,Laudantium,Entrada,t,55
341,Nam,Plato Fuerte,f,83
342,Nihil,Plato Fuerte,t,164
343,Temporibus,Plato Fuerte,f,165
344,Esse,Postre,f,5
345,Voluptatibus,Entrada,t,78
346,Mollitia,Plato Fuerte,t,162
347,Alias,Entrada,f,123
348,Sint,Postre,f,166
349,Tenetur,Plato Fuerte,t,45
350,Sint,Plato Fuerte,f,42
351,Totam,Entrada,f,15
352,Et,Entrada,f,53
353,Facere,Entrada,f,44
354,Quam,Plato Fuerte,f,28
355,Corporis,Postre,t,144
356,Sint,Postre,t,114
357,Maxime,Plato Fuerte,t,70
358,Quo,Entrada,f,81
359,Vitae,Plato Fuerte,f,28
360,Odit,Postre,f,115
361,Tempore,Entrada,t,94
362,Nihil,Plato Fuerte,f,176
363,Cupiditate,Postre,f,191
364,Debitis,Postre,f,26
365,Et,Plato Fuerte,f,161
366,Fuga,Postre,f,118
367,Occaecati,Plato Fuerte,t,36
368,Error,Postre,t,171
369,Nesciunt,Entrada,t,21
370,Alias,Entrada,f,150
371,Fuga,Plato Fuerte,f,136
372,Eaque,Plato Fuerte,t,32
373,Dolores,Entrada,t,151
374,Itaque,Entrada,t,6
375,Ea,Postre,t,193
376,Rem,Plato Fuerte,f,61
377,Aspernatur,Entrada,t,122
378,Mollitia,Postre,t,119
379,Consectetur,Plato Fuerte,f,175
380,Tempora,Plato Fuerte,t,64
381,Eveniet,Plato Fuerte,t,77
382,Consectetur,Plato Fuerte,t,27
383,Voluptas,Plato Fuerte,f,123
384,Reprehenderit,Plato Fuerte,t,39
385,Iure,Plato Fuerte,f,129
386,Nulla,Postre,t,193
387,Voluptate,Entrada,t,199
388,Assumenda,Postre,f,56
389,Esse,Plato Fuerte,t,19
390,Sit,Entrada,t,43
391,Assumenda,Postre,f,96
392,Doloremque,Plato Fuerte,t,37
393,Exercitationem,Entrada,f,151
394,Iusto,Entrada,t,41
395,Repudiandae,Plato Fuerte,f,33
396,Ab,Entrada,f,95
397,Nihil,Postre,t,135
398,Consequuntur,Entrada,t,63
399,Illo,Postre,f,17
400,Maiores,Entrada,f,161
401,Voluptates,Plato Fuerte,t,52
402,Dolorum,Plato Fuerte,t,108
403,Voluptate,Plato Fuerte,f,64
404,Enim,Plato Fuerte,t,30
405,Ad,Postre,t,31
406,Hic,Plato Fuerte,f,194
407,Repudiandae,Plato Fuerte,f,104
408,Consequuntur,Plato Fuerte,t,195
409,Facere,Plato Fuerte,t,75
410,Facilis,Entrada,f,192
411,Architecto,Plato Fuerte,t,7
412,Placeat,Postre,t,136
413,Quisquam,Plato Fuerte,f,109
414,Non,Postre,f,19
415,Maxime,Postre,t,82
416,Voluptas,Postre,f,79
417,Unde,Postre,t,170
418,Nostrum,Plato Fuerte,t,181
419,Adipisci,Entrada,t,149
420,Exercitationem,Entrada,f,98
421,Odio,Entrada,f,51
422,Assumenda,Plato Fuerte,t,55
423,Pariatur,Postre,f,168
424,Fuga,Plato Fuerte,t,195
425,Numquam,Postre,t,127
426,Enim,Entrada,t,64
427,Fugit,Entrada,f,119
428,Asperiores,Postre,t,194
429,Laboriosam,Entrada,t,42
430,Beatae,Postre,t,110
431,Quos,Postre,f,8
432,Nobis,Postre,t,56
433,Aspernatur,Entrada,t,50
434,Quisquam,Plato Fuerte,f,16
435,Cupiditate,Plato Fuerte,t,42
436,Quaerat,Entrada,f,1
437,Neque,Postre,f,58
438,Debitis,Plato Fuerte,f,166
439,Cum,Plato Fuerte,f,188
440,Itaque,Entrada,t,185
441,Ea,Postre,t,6
442,Neque,Plato Fuerte,f,195
443,Odio,Plato Fuerte,f,9
444,Numquam,Entrada,f,68
445,Ullam,Entrada,t,50
446,Tempore,Plato Fuerte,t,187
447,Eos,Plato Fuerte,t,162
448,Impedit,Plato Fuerte,f,198
449,Quos,Plato Fuerte,f,106
450,Ex,Plato Fuerte,t,1
451,Facere,Plato Fuerte,f,61
452,Culpa,Entrada,t,175
453,Voluptatibus,Postre,f,31
454,Ipsa,Postre,t,158
455,Libero,Postre,f,51
456,Asperiores,Postre,t,7
457,Libero,Plato Fuerte,f,49
458,Commodi,Postre,t,59
459,Quisquam,Postre,f,76
460,Omnis,Entrada,t,79
461,Alias,Postre,t,137
462,Est,Entrada,t,20
463,Nobis,Plato Fuerte,f,148
464,Nulla,Entrada,f,15
465,Commodi,Entrada,f,187
466,Quas,Entrada,t,164
467,Necessitatibus,Postre,f,157
468,Odit,Plato Fuerte,t,32
469,Accusantium,Plato Fuerte,f,2
470,Adipisci,Postre,t,189
471,Harum,Postre,t,107
472,Debitis,Postre,t,19
473,Quaerat,Postre,f,157
474,Veritatis,Entrada,f,177
475,Aspernatur,Postre,t,130
476,Dolores,Plato Fuerte,f,185
477,Placeat,Postre,f,84
478,Cum,Plato Fuerte,f,173
479,Magni,Plato Fuerte,t,80
480,Provident,Entrada,f,162
481,Facilis,Plato Fuerte,t,139
482,Vel,Plato Fuerte,f,78
483,Veniam,Entrada,f,168
484,Veniam,Plato Fuerte,t,160
485,Recusandae,Postre,t,55
486,Pariatur,Plato Fuerte,t,90
487,Voluptas,Entrada,f,62
488,Harum,Plato Fuerte,f,94
489,Ipsa,Plato Fuerte,t,137
490,Hic,Postre,t,28
491,Ducimus,Entrada,f,95
492,Quo,Postre,t,140
493,Consectetur,Plato Fuerte,t,148
494,Rerum,Postre,f,198
495,Sequi,Entrada,f,25
496,Incidunt,Entrada,t,137
497,Sit,Plato Fuerte,f,182
498,Vitae,Entrada,f,143
499,Quia,Postre,t,130
500,Impedit,Postre,t,80
501,Provident,Entrada,t,52
502,Dolore,Postre,f,102
503,Minus,Plato Fuerte,t,46
504,Eveniet,Entrada,f,52
505,Veniam,Entrada,f,35
506,Quas,Entrada,f,56
507,Porro,Entrada,f,52
508,Nam,Plato Fuerte,f,195
509,Architecto,Postre,t,155
510,Exercitationem,Entrada,f,83
511,Ullam,Plato Fuerte,t,172
512,Placeat,Entrada,f,151
513,Itaque,Entrada,t,76
514,Esse,Entrada,f,188
515,Labore,Entrada,t,145
516,Consectetur,Plato Fuerte,f,17
517,Eum,Plato Fuerte,f,199
518,Impedit,Postre,f,132
519,Consectetur,Postre,f,178
520,Ipsum,Postre,f,168
521,Recusandae,Postre,f,41
522,Laudantium,Plato Fuerte,t,94
523,Esse,Plato Fuerte,f,5
524,Distinctio,Postre,f,41
525,Quaerat,Entrada,f,92
526,Labore,Postre,f,176
527,Magnam,Plato Fuerte,t,184
528,Libero,Postre,f,197
529,Eligendi,Entrada,f,83
530,Accusamus,Postre,t,77
531,Illum,Postre,t,180
532,Eum,Entrada,f,4
533,Dolore,Entrada,f,90
534,Optio,Postre,t,52
535,Expedita,Plato Fuerte,f,93
536,Dignissimos,Entrada,f,68
537,Qui,Postre,f,191
538,Sequi,Entrada,f,154
539,Minus,Plato Fuerte,f,77
540,Aspernatur,Entrada,f,177
541,Ex,Entrada,f,47
542,Iure,Plato Fuerte,f,155
543,Quidem,Entrada,t,184
544,Numquam,Postre,f,62
545,Officiis,Postre,f,59
546,Deserunt,Postre,t,110
547,Suscipit,Plato Fuerte,f,176
548,Tempora,Entrada,t,85
549,Enim,Plato Fuerte,t,12
550,Minus,Postre,t,82
551,Ex,Entrada,t,90
552,Error,Entrada,t,105
553,Cumque,Entrada,t,94
554,Quidem,Plato Fuerte,t,14
555,Autem,Plato Fuerte,f,4
556,Modi,Plato Fuerte,t,126
557,Autem,Entrada,t,85
558,Laboriosam,Plato Fuerte,f,181
559,Delectus,Postre,t,65
560,Minus,Postre,t,50
561,Vitae,Postre,t,41
562,Quasi,Plato Fuerte,f,142
563,Ad,Plato Fuerte,f,6
564,Cumque,Postre,t,12
565,Saepe,Plato Fuerte,f,99
566,Expedita,Postre,f,186
567,Autem,Entrada,f,165
568,Veniam,Postre,f,138
569,Cum,Plato Fuerte,t,164
570,Iusto,Postre,t,72
571,Iure,Plato Fuerte,f,112
572,Inventore,Plato Fuerte,f,75
573,Earum,Postre,t,79
574,Ex,Plato Fuerte,t,180
575,Possimus,Plato Fuerte,t,1
576,Repudiandae,Entrada,f,44
577,Id,Postre,t,165
578,Cum,Entrada,t,83
579,Fuga,Entrada,f,151
580,Nulla,Postre,f,65
581,Nisi,Plato Fuerte,t,32
582,Earum,Plato Fuerte,f,75
583,Esse,Entrada,t,160
584,Excepturi,Entrada,f,136
585,Et,Plato Fuerte,t,54
586,Eos,Postre,t,153
587,Quo,Entrada,f,66
588,Veritatis,Plato Fuerte,f,20
589,Ducimus,Plato Fuerte,f,9
590,Dolorem,Plato Fuerte,t,178
591,Dignissimos,Plato Fuerte,t,193
592,Repudiandae,Plato Fuerte,f,141
593,Sed,Plato Fuerte,t,172
594,Maxime,Postre,t,88
595,Aut,Plato Fuerte,t,97
596,Qui,Entrada,t,112
597,Repudiandae,Plato Fuerte,f,60
598,Ducimus,Plato Fuerte,f,167
599,Architecto,Postre,f,140
600,Occaecati,Plato Fuerte,f,49
601,Dolorum,Entrada,f,76
602,Reprehenderit,Postre,t,34
603,Asperiores,Entrada,f,162
604,Ducimus,Postre,t,105
605,Ipsa,Postre,t,88
606,Nostrum,Entrada,t,108
607,Perspiciatis,Postre,f,9
608,Unde,Entrada,f,171
609,Deserunt,Plato Fuerte,t,174
610,Sunt,Plato Fuerte,f,122
611,Id,Entrada,t,83
612,Numquam,Entrada,f,133
613,Molestiae,Entrada,f,25
614,Unde,Postre,f,77
615,Fugiat,Entrada,t,41
616,Autem,Postre,f,85
617,Officiis,Plato Fuerte,t,186
618,Velit,Entrada,t,90
619,Quidem,Entrada,t,105
620,Veniam,Plato Fuerte,t,35
621,Iste,Entrada,t,63
622,Laborum,Plato Fuerte,f,174
623,Eius,Plato Fuerte,t,178
624,Temporibus,Plato Fuerte,t,84
625,Itaque,Postre,f,150
626,Dolore,Postre,f,144
627,Atque,Entrada,t,167
628,Praesentium,Entrada,t,102
629,Voluptatum,Postre,t,118
630,Placeat,Postre,t,40
631,Ullam,Plato Fuerte,t,143
632,Reprehenderit,Postre,t,199
633,Quo,Postre,f,198
634,Sapiente,Plato Fuerte,f,67
635,Accusamus,Plato Fuerte,f,166
636,Modi,Entrada,t,142
637,Voluptatem,Entrada,f,78
638,Non,Entrada,f,28
639,Atque,Entrada,t,190
640,Similique,Entrada,f,182
641,Dolorem,Plato Fuerte,t,181
642,Officia,Plato Fuerte,f,172
643,Iure,Plato Fuerte,t,90
644,Laboriosam,Postre,t,24
645,Placeat,Postre,f,5
646,Sed,Postre,t,83
647,Iste,Postre,t,96
648,Quaerat,Entrada,t,59
649,Cumque,Entrada,t,156
650,Fugiat,Plato Fuerte,f,68
651,In,Postre,t,89
652,Repellat,Plato Fuerte,f,103
653,Recusandae,Postre,f,127
654,Quis,Plato Fuerte,f,97
655,Natus,Entrada,t,63
656,Sequi,Entrada,t,70
657,Hic,Postre,t,45
658,Eligendi,Plato Fuerte,t,86
659,Voluptates,Plato Fuerte,t,106
660,Eius,Postre,f,97
661,Suscipit,Plato Fuerte,t,160
662,Autem,Plato Fuerte,f,146
663,Architecto,Plato Fuerte,t,160
664,Impedit,Entrada,t,137
665,Laborum,Entrada,t,76
666,Amet,Entrada,f,60
667,Nemo,Entrada,t,85
668,Facilis,Plato Fuerte,t,26
669,Totam,Plato Fuerte,f,143
670,Velit,Postre,f,48
671,Animi,Plato Fuerte,t,11
672,Quisquam,Entrada,t,148
673,Quis,Plato Fuerte,f,75
674,Quidem,Postre,f,119
675,Illo,Postre,t,177
676,Aspernatur,Postre,t,87
677,Iste,Postre,f,140
678,Repellat,Postre,t,105
679,Deleniti,Postre,t,25
680,Maxime,Plato Fuerte,f,4
681,Maiores,Postre,f,71
682,Maxime,Plato Fuerte,f,31
683,Optio,Plato Fuerte,f,16
684,Laboriosam,Postre,f,109
685,Hic,Plato Fuerte,t,2
686,Ipsa,Plato Fuerte,t,174
687,Repellat,Postre,t,112
688,Non,Entrada,f,42
689,Consequuntur,Plato Fuerte,f,57
690,Tempora,Postre,f,94
691,Doloremque,Plato Fuerte,t,190
692,Assumenda,Postre,t,139
693,Expedita,Entrada,t,135
694,Eligendi,Postre,f,110
695,Amet,Postre,f,118
696,Quidem,Entrada,t,82
697,Recusandae,Plato Fuerte,t,196
698,Minus,Plato Fuerte,f,143
699,Amet,Entrada,f,29
700,Nulla,Entrada,t,160
701,Autem,Plato Fuerte,f,23
702,Sapiente,Entrada,t,89
703,Pariatur,Plato Fuerte,f,34
704,Sapiente,Entrada,t,107
705,Occaecati,Entrada,f,39
706,Nemo,Entrada,f,158
707,Recusandae,Plato Fuerte,f,191
708,Rerum,Entrada,f,180
709,Magnam,Plato Fuerte,t,171
710,Amet,Postre,f,163
711,Iusto,Postre,f,120
712,Beatae,Plato Fuerte,f,2
713,Ut,Entrada,f,56
714,Sint,Entrada,t,161
715,Corporis,Plato Fuerte,f,164
716,Itaque,Entrada,f,92
717,Dolores,Entrada,t,17
718,Hic,Plato Fuerte,f,107
719,Pariatur,Plato Fuerte,t,86
720,Autem,Postre,t,68
721,Sit,Entrada,f,144
722,Voluptatem,Entrada,f,33
723,Reiciendis,Plato Fuerte,f,129
724,Voluptates,Plato Fuerte,f,135
725,Eveniet,Entrada,f,9
726,Accusamus,Postre,f,124
727,Molestiae,Entrada,f,88
728,Itaque,Plato Fuerte,t,45
729,Voluptatum,Plato Fuerte,f,171
730,Odit,Postre,f,45
731,Quos,Postre,f,18
732,Nobis,Entrada,f,70
733,Assumenda,Plato Fuerte,t,22
734,Corporis,Plato Fuerte,t,128
735,Quidem,Entrada,t,181
736,Adipisci,Plato Fuerte,t,106
737,Possimus,Plato Fuerte,f,194
738,Hic,Postre,t,70
739,Ipsa,Plato Fuerte,f,6
740,Dolores,Plato Fuerte,t,10
741,Labore,Entrada,f,39
742,Corrupti,Postre,t,63
743,Recusandae,Entrada,t,190
744,Dolores,Postre,t,5
745,Repellat,Postre,f,175
746,Ratione,Plato Fuerte,f,193
747,Ex,Entrada,f,179
748,Magnam,Plato Fuerte,f,81
749,Fugit,Postre,f,39
750,Quisquam,Postre,t,62
751,Quo,Plato Fuerte,t,190
752,Quasi,Entrada,f,9
753,Facilis,Plato Fuerte,t,102
754,Rem,Postre,f,14
755,Ad,Entrada,t,128
756,Similique,Plato Fuerte,f,34
757,Incidunt,Entrada,f,104
758,Quo,Postre,t,128
759,Dignissimos,Postre,t,23
760,Dolores,Plato Fuerte,f,166
761,Velit,Plato Fuerte,f,163
762,Odit,Entrada,f,11
763,At,Postre,t,68
764,Blanditiis,Postre,t,162
765,Molestias,Postre,f,23
766,Mollitia,Entrada,t,193
767,Nemo,Plato Fuerte,t,12
768,Accusantium,Plato Fuerte,t,122
769,Iusto,Plato Fuerte,f,99
770,Quam,Postre,t,197
771,Et,Plato Fuerte,t,98
772,Consequuntur,Plato Fuerte,t,140
773,Animi,Plato Fuerte,t,197
774,Assumenda,Entrada,f,199
775,Eius,Postre,t,104
776,Voluptatem,Postre,t,21
777,Culpa,Entrada,t,170
778,Minima,Postre,f,85
779,Necessitatibus,Plato Fuerte,f,144
780,Illo,Plato Fuerte,f,79
781,Accusamus,Plato Fuerte,f,90
782,Quaerat,Plato Fuerte,t,82
783,Deleniti,Plato Fuerte,f,86
784,Nemo,Entrada,t,109
785,Eos,Entrada,t,163
786,Sed,Entrada,f,112
787,Laborum,Plato Fuerte,t,32
788,Veniam,Entrada,f,163
789,Quas,Plato Fuerte,f,28
790,Maiores,Entrada,f,131
791,Delectus,Plato Fuerte,t,188
792,Aspernatur,Entrada,t,115
793,Quam,Plato Fuerte,t,77
794,Blanditiis,Postre,f,27
795,Quod,Entrada,f,51
796,Odit,Entrada,t,97
797,Commodi,Plato Fuerte,t,40
798,Occaecati,Plato Fuerte,f,126
799,Neque,Plato Fuerte,f,11
800,Sit,Entrada,f,106
